movementType,data
correct,"[[46.0, 66.0, 0.062249, -9.78989, 1.484405], [45.0, 66.0, 0.298078, -9.434352, 2.327164], [43.0, 60.0, 0.164003, -7.95713, 3.026271], [33.0, 65.0, 1.315614, -8.651448, 5.506664], [21.0, 62.0, 1.525106, -8.054094, 5.261258], [26.0, 66.0, 1.037886, -7.515399, 6.719327], [38.0, 57.0, 1.466449, -6.708553, 6.856994], [48.0, 58.0, 1.399411, -6.169858, 8.191761], [39.0, 56.0, 1.584962, -5.26485, 8.63828], [43.0, 57.0, 1.033098, -4.531027, 8.700529], [45.0, 58.0, 1.205481, -3.74094, 9.400833], [42.0, 61.0, 1.551443, -4.182671, 10.14184], [65.0, 49.0, 1.403002, -4.176685, 8.738836], [75.0, 41.0, 1.373075, -4.559757, 8.295909], [78.0, 43.0, 1.114501, -6.173449, 8.175002], [73.0, 43.0, 1.674744, -6.952762, 7.377733], [52.0, 53.0, 1.969231, -7.514202, 6.570887], [76.0, 52.0, 1.653196, -7.750031, 5.785588], [80.0, 49.0, 1.137246, -8.51019, 4.158728], [94.0, 45.0, 0.93733, -8.933964, 4.007894]]"
wrong,"[[42.0, 94.0, 0.143652, -9.825804, 2.163161], [30.0, 92.0, 0.100556, -9.671378, 2.284068], [46.0, 84.0, 0.195127, -9.734824, 2.153584], [64.0, 80.0, 0.243011, -10.35732, 2.237381], [65.0, 69.0, 0.556652, -5.024232, 4.583699], [55.0, 45.0, 1.349133, 4.295198, 7.030573], [38.0, 48.0, 1.620875, 10.60153, 6.885724], [20.0, 37.0, 0.872687, 10.26993, 4.668694], [28.0, 34.0, 1.479617, 7.90326, 4.56694], [34.0, 39.0, 1.069011, 8.643068, 4.847061], [22.0, 58.0, 0.956484, 8.665813, 4.775235], [30.0, 68.0, 1.393425, 11.53048, 6.607996], [18.0, 65.0, 1.179144, 8.78672, 6.525397], [12.0, 45.0, 1.329979, 0.742203, 7.303512], [7.0, 45.0, 1.51553, -5.663484, 5.736507], [18.0, 65.0, 0.617704, -9.854534, 2.345121], [62.0, 56.0, 0.877475, -9.927557, 1.070208], [78.0, 61.0, 0.323217, -9.736021, 1.614889], [88.0, 76.0, 0.039504, -9.848549, 1.628057], [82.0, 79.0, 0.021548, -9.688137, 1.999158]]"
wrong,"[[84.0, 65.0, 0.513556, -9.753978, 1.576582], [78.0, 67.0, 0.320823, -9.837775, 1.753753], [78.0, 66.0, 0.262165, -9.740809, 1.760935], [96.0, 48.0, 0.378284, -9.369708, 2.433706], [93.0, 33.0, 1.25935, -5.438429, 6.798336], [57.0, 29.0, 1.191115, 0.792481, 9.198523], [57.0, 20.0, 0.533907, 3.470395, 9.119514], [24.0, 14.0, 0.381875, 7.530962, 6.861782], [40.0, 10.0, 0.603339, 9.103952, 5.42167], [53.0, 13.0, 0.988805, 9.745598, 4.517859], [28.0, 12.0, 1.165976, 9.80665, 3.924097], [31.0, 15.0, 0.934936, 9.190144, 3.642778], [31.0, 14.0, 0.805649, 9.981427, 4.811148], [36.0, 16.0, 1.059434, 8.680179, 6.030994], [45.0, 17.0, 1.164779, 6.80073, 7.721301], [36.0, 18.0, 1.06542, 0.932542, 8.803479], [67.0, 18.0, 1.307234, -4.580108, 8.327033], [78.0, 20.0, 0.884658, -8.042124, 5.56173], [100.0, 22.0, 0.853533, -9.586384, 2.837129], [114.0, 28.0, 0.762553, -9.950302, 1.280898]]"
correct,"[[40.0, 64.0, 0.282516, -9.775525, 1.417367], [32.0, 62.0, 0.654814, -9.394848, 1.827973], [36.0, 62.0, 0.852336, -9.144653, 4.082114], [40.0, 57.0, 1.309628, -8.206126, 5.704186], [37.0, 63.0, 1.100136, -7.837419, 6.588843], [31.0, 61.0, 1.211466, -6.983886, 7.121553], [42.0, 50.0, 1.212663, -6.807912, 7.570466], [38.0, 52.0, 0.910994, -5.481525, 8.236053], [36.0, 56.0, 1.260547, -4.207809, 8.870518], [31.0, 60.0, 1.397017, -3.653552, 9.307459], [34.0, 61.0, 1.138443, -2.946065, 10.35492], [50.0, 53.0, 1.982399, -3.604471, 10.13825], [58.0, 53.0, 1.444901, -3.70383, 9.058462], [56.0, 53.0, 1.978808, -4.765658, 7.947553], [55.0, 54.0, 1.551443, -6.23091, 7.68419], [49.0, 51.0, 1.531092, -7.162254, 7.001843], [48.0, 55.0, 1.784877, -7.599196, 5.83467], [42.0, 54.0, 1.382651, -8.2995, 5.096058], [36.0, 57.0, 1.274912, -8.486248, 4.763264], [37.0, 53.0, 0.994791, -8.864532, 3.73256]]"
wrong,"[[54.0, 88.0, 0.244209, -9.526528, 2.445677], [52.0, 94.0, 0.088585, -9.549274, 2.530671], [42.0, 96.0, -0.02873, -9.490616, 2.72939], [52.0, 90.0, -0.080206, -9.677363, 2.385822], [65.0, 88.0, 0.123301, -9.927557, 2.576161], [62.0, 87.0, 0.629675, -5.056554, 5.540183], [19.0, 85.0, 0.25618, 2.475605, 7.036559], [26.0, 69.0, 1.143231, 9.973047, 7.13113], [46.0, 74.0, 1.018733, 10.82658, 5.992687], [46.0, 69.0, 0.964863, 7.278373, 5.2852], [45.0, 69.0, 0.80924, 8.832211, 5.544971], [41.0, 81.0, 1.070208, 10.72602, 6.55293], [24.0, 84.0, 0.505177, 7.796718, 7.006631], [29.0, 81.0, 1.54426, 0.497994, 7.752425], [39.0, 84.0, 1.414973, -6.653487, 5.357026], [61.0, 74.0, 0.86311, -9.651027, 2.755726], [64.0, 90.0, 0.213084, -10.30584, 0.778116], [45.0, 94.0, 0.095768, -9.707291, 1.043872], [57.0, 86.0, 0.169988, -9.677363, 1.583764], [48.0, 80.0, -0.29329, -9.578004, 2.47321]]"
correct,"[[45.0, 65.0, 0.633266, -9.959879, 2.007538], [46.0, 65.0, 0.064643, -9.53012, 1.345541], [19.0, 63.0, 0.464475, -8.48984, 3.173514], [30.0, 65.0, 1.987187, -9.291897, 4.978743], [28.0, 62.0, 2.16795, -7.261614, 6.033388], [19.0, 62.0, 1.593341, -6.320693, 7.090428], [37.0, 49.0, 1.365892, -6.002264, 7.645883], [46.0, 51.0, 1.476025, -5.027823, 8.568848], [43.0, 54.0, 1.501164, -4.40174, 9.003395], [46.0, 60.0, 1.329979, -3.478775, 9.151836], [51.0, 58.0, 0.96606, -2.731784, 10.45069], [50.0, 58.0, 1.149217, -3.665523, 10.94749], [45.0, 42.0, 1.435324, -7.100005, 6.197391], [51.0, 46.0, 1.418565, -7.675811, 5.571307], [43.0, 51.0, 1.608904, -7.566875, 5.510255], [30.0, 55.0, 1.394622, -8.117541, 4.590882], [29.0, 57.0, 0.999579, -9.200917, 4.165911], [43.0, 57.0, 0.954089, -9.496601, 2.97719], [38.0, 58.0, 0.648829, -9.554062, 2.438494], [45.0, 55.0, 0.386664, -9.629479, 1.799243]]"
wrong,"[[68.0, 87.0, 0.205901, -9.662998, 2.397793], [69.0, 87.0, 0.095768, -9.606734, 2.379837], [69.0, 87.0, 0.149638, -9.661801, 2.357092], [66.0, 81.0, 0.521936, -8.054094, 4.568137], [66.0, 67.0, 1.35033, -6.099229, 5.734113], [42.0, 50.0, 1.298854, 0.727837, 7.368156], [41.0, 65.0, 0.922965, 7.484274, 7.509414], [49.0, 67.0, 0.960075, 9.467871, 5.8634], [45.0, 49.0, 0.833182, 9.361329, 4.746505], [33.0, 49.0, 0.895431, 8.634688, 4.607641], [48.0, 64.0, 0.775721, 8.554482, 4.891354], [33.0, 80.0, 1.199495, 11.0265, 6.287174], [21.0, 67.0, 0.979229, 8.219295, 6.089652], [28.0, 74.0, 1.816002, 4.140772, 8.402451], [33.0, 70.0, 1.205481, -1.997961, 8.614338], [58.0, 58.0, 2.154782, -6.979098, 5.774815], [61.0, 68.0, 1.794454, -9.441534, 3.277662], [60.0, 69.0, 0.767342, -10.22204, 1.088165], [78.0, 69.0, 0.720655, -10.39802, 0.245406], [109.0, 50.0, 0.272939, -9.824607, 1.046266]]"
wrong,"[[70.0, 88.0, -0.265756, -9.708488, 1.984793], [64.0, 90.0, -0.087388, -9.775525, 2.104503], [56.0, 85.0, 0.260968, -9.805453, 2.573767], [69.0, 51.0, 1.98599, -6.194997, 5.655105], [50.0, 46.0, 0.931344, 0.932542, 8.368932], [18.0, 64.0, 1.374272, 8.044518, 8.227674], [27.0, 67.0, 1.316811, 9.751583, 5.928043], [49.0, 64.0, 1.262941, 8.91481, 4.76087], [42.0, 69.0, 0.978031, 8.3821, 4.940435], [38.0, 75.0, 1.045069, 8.564059, 5.09127], [39.0, 74.0, 0.973243, 8.643068, 5.079299], [31.0, 79.0, 0.968455, 10.74997, 6.260838], [29.0, 74.0, 1.459266, 7.310695, 7.038953], [42.0, 62.0, 0.920571, -0.411803, 7.941567], [64.0, 57.0, 0.56144, -5.659893, 7.059304], [67.0, 64.0, 0.269348, -8.992621, 3.731363], [62.0, 78.0, 0.251391, -9.922769, 1.741782], [67.0, 82.0, -0.131681, -10.09635, 1.041478], [68.0, 84.0, -0.185551, -9.724051, 1.756147], [86.0, 81.0, 0.323217, -9.566033, 2.412158]]"
correct,"[[43.0, 57.0, 0.159214, -9.793482, 1.497573], [38.0, 62.0, 0.333991, -10.45308, 1.629254], [21.0, 61.0, 0.804452, -8.684967, 3.444059], [28.0, 55.0, 1.388637, -8.968679, 4.711789], [22.0, 52.0, 2.147599, -8.274361, 5.269638], [37.0, 31.0, 2.592921, -7.649475, 6.458359], [31.0, 28.0, 2.802413, -6.373365, 7.338228], [37.0, 34.0, 2.366668, -6.443994, 8.410831], [37.0, 42.0, 2.401384, -4.150349, 9.343372], [37.0, 57.0, 1.51553, -3.365051, 10.02452], [31.0, 60.0, 1.244985, -2.598906, 11.11867], [40.0, 55.0, 2.097321, -3.037045, 10.59075], [41.0, 48.0, 1.82917, -3.708618, 8.112753], [48.0, 45.0, 1.513135, -5.614403, 8.368932], [60.0, 46.0, 1.875857, -7.042544, 7.343017], [65.0, 46.0, 1.723825, -7.767987, 6.816292], [45.0, 43.0, 1.514333, -8.232463, 4.97156], [39.0, 42.0, 1.458069, -8.238448, 4.376601], [42.0, 45.0, 1.022324, -9.089587, 3.094506], [37.0, 49.0, 0.456095, -9.682152, 1.787272]]"
wrong,"[[88.0, 85.0, 0.262165, -9.646238, 2.15957], [82.0, 87.0, 0.215478, -9.631873, 2.208651], [82.0, 84.0, 0.035913, -10.10952, 1.950077], [94.0, 80.0, 0.593762, -9.181764, 3.453636], [72.0, 70.0, 0.575806, -4.578911, 6.22253], [70.0, 36.0, 1.656788, 2.357092, 6.904878], [32.0, 41.0, 1.077391, 11.38443, 7.552509], [42.0, 44.0, 0.587777, 10.25556, 4.458004], [27.0, 45.0, 1.023521, 7.890092, 4.754885], [36.0, 63.0, 0.930147, 8.726865, 5.0374], [24.0, 70.0, 1.306037, 9.88925, 5.0374], [30.0, 67.0, 2.483984, 9.894038, 5.749675], [30.0, 58.0, 1.79206, 5.085284, 7.927202], [54.0, 69.0, 1.75495, -0.608127, 8.701726], [68.0, 66.0, 1.13126, -5.530606, 7.179014], [93.0, 50.0, 1.794454, -8.78672, 4.065354], [93.0, 70.0, 1.006762, -9.910798, 1.884237], [84.0, 76.0, 0.240617, -9.708488, 1.606509], [85.0, 79.0, -0.181959, -9.696517, 1.290475], [96.0, 79.0, -0.131681, -10.00896, 1.493982]]"
wrong,"[[50.0, 88.0, 0.142455, -9.734824, 1.984793], [46.0, 85.0, 0.021548, -10.28788, 1.910573], [51.0, 74.0, 0.72664, -9.574412, 2.548628], [43.0, 67.0, 1.983596, -5.196615, 6.971915], [18.0, 48.0, -0.191536, 1.514333, 9.660604], [13.0, 34.0, 1.092953, 7.009026, 6.847417], [27.0, 46.0, 1.01993, 10.54646, 5.651513], [29.0, 38.0, 0.677559, 8.042124, 4.280833], [30.0, 40.0, 0.787692, 8.444349, 5.137957], [25.0, 41.0, 0.994791, 8.60955, 4.982334], [28.0, 43.0, 0.543484, 8.845378, 4.977545], [30.0, 44.0, 0.820014, 8.595184, 4.938041], [28.0, 49.0, 0.757765, 11.14501, 6.415264], [12.0, 40.0, 0.86311, 7.100005, 6.879739], [7.0, 33.0, 0.934936, -2.341529, 6.594829], [15.0, 38.0, 1.715446, -7.332243, 6.110003], [28.0, 38.0, 1.132457, -8.979453, 3.671508], [75.0, 30.0, 0.927753, -9.870096, 1.420959], [80.0, 46.0, 0.584185, -9.953894, 0.754174], [85.0, 68.0, 0.065841, -9.80665, 1.438915]]"
wrong,"[[50.0, 94.0, -0.063446, -10.00058, 2.155979], [45.0, 82.0, 0.488417, -9.405622, 2.776077], [56.0, 57.0, 1.134852, -3.263297, 5.334281], [48.0, 42.0, 1.727417, 6.106411, 8.669404], [31.0, 36.0, 0.822408, 9.952697, 6.596025], [37.0, 36.0, 0.786495, 9.961076, 4.989516], [43.0, 34.0, 0.976834, 8.377312, 4.906917], [38.0, 40.0, 1.140837, 8.892065, 4.847061], [27.0, 56.0, 1.169568, 11.0648, 6.206968], [25.0, 45.0, 1.025915, 7.891289, 7.116765], [20.0, 42.0, 1.064223, 0.146046, 7.600393], [22.0, 56.0, 0.909797, -6.157887, 5.619191], [37.0, 70.0, 1.130063, -10.10114, 2.41575], [32.0, 87.0, 0.398635, -10.17177, 0.909797], [19.0, 88.0, 0.505177, -9.676167, 1.698686], [24.0, 89.0, 0.486023, -9.464279, 2.183512], [28.0, 99.0, 0.310049, -9.618706, 2.322376], [30.0, 98.0, 0.347159, -9.651027, 2.357092], [31.0, 97.0, 0.272939, -9.625888, 2.327164], [31.0, 97.0, 0.33878, -9.738416, 2.201468]]"
wrong,"[[90.0, 76.0, -0.09098, -9.496601, 2.070984], [84.0, 48.0, 1.016339, -7.392098, 4.182671], [52.0, 58.0, 1.126472, -1.938106, 8.971074], [21.0, 43.0, 1.553837, 4.1707, 10.55843], [32.0, 34.0, 0.283713, 6.002264, 8.492233], [24.0, 28.0, 0.641646, 8.608353, 6.533776], [14.0, 18.0, 0.538695, 9.844957, 3.332729], [18.0, 19.0, -0.408211, 10.67096, 4.033033], [14.0, 18.0, 0.4956, 9.064447, 5.533], [18.0, 21.0, 0.413, 6.39611, 7.31668], [29.0, 22.0, 0.634463, -0.575806, 9.039309], [46.0, 22.0, 0.695516, -2.688689, 9.062054], [24.0, 34.0, 1.150414, -6.586449, 6.223727], [48.0, 38.0, 0.287304, -9.607931, 3.65834], [61.0, 42.0, 0.402226, -9.515755, 1.84593], [67.0, 45.0, 0.07422, -9.981427, 0.539893], [76.0, 51.0, 0.117316, -9.853337, 0.54109], [77.0, 53.0, 0.566229, -9.817424, 1.310825], [70.0, 65.0, 0.551864, -9.692925, 1.872266], [61.0, 82.0, 0.575806, -9.654618, 1.902193]]"
correct,"[[49.0, 73.0, 0.347159, -9.694122, 1.795651], [48.0, 73.0, 0.453701, -9.982624, 1.67235], [36.0, 72.0, 1.41617, -7.748834, 2.093729], [37.0, 74.0, 0.89184, -7.890092, 5.312734], [48.0, 55.0, 1.227028, -8.22528, 6.093243], [60.0, 50.0, 1.693898, -7.371747, 7.380127], [60.0, 42.0, 1.344344, -6.457162, 8.25401], [63.0, 50.0, 0.233435, -4.625598, 8.718486], [45.0, 67.0, 1.361104, -3.992331, 8.834604], [43.0, 69.0, 1.013944, -2.979584, 9.684546], [40.0, 74.0, 0.68115, -2.037466, 11.61427], [51.0, 65.0, 1.381454, -2.245761, 10.68053], [54.0, 63.0, 1.659182, -4.204218, 8.431181], [51.0, 68.0, 1.831564, -5.404911, 8.069656], [61.0, 67.0, 2.264915, -6.623559, 6.186617], [38.0, 86.0, 2.175132, -7.247249, 5.333084], [21.0, 81.0, 2.296039, -7.660248, 4.613627], [21.0, 86.0, 1.988385, -8.482656, 4.559757], [22.0, 78.0, 1.268927, -8.929175, 3.648763], [27.0, 70.0, 1.150414, -9.386468, 3.521871]]"
correct,"[[29.0, 94.0, 0.531513, -9.685743, 1.747767], [22.0, 94.0, 0.612916, -8.672996, 2.330755], [24.0, 96.0, 1.711854, -8.834604, 5.258864], [36.0, 70.0, 2.251747, -7.032968, 5.734113], [39.0, 66.0, 0.869095, -6.824672, 7.230489], [37.0, 65.0, 0.648829, -6.303933, 8.51019], [32.0, 61.0, 0.741005, -4.868609, 9.652225], [33.0, 68.0, 0.335188, -3.37343, 9.706094], [30.0, 81.0, 1.511938, -2.442086, 9.950302], [22.0, 85.0, 1.088165, -2.079364, 10.54287], [27.0, 77.0, 1.558625, -2.645593, 11.30183], [31.0, 75.0, 1.216254, -2.789245, 8.784326], [38.0, 76.0, 1.456872, -4.133589, 7.896077], [30.0, 91.0, 2.293645, -5.201403, 7.208941], [41.0, 79.0, 2.292448, -7.005434, 6.442797], [43.0, 72.0, 2.220622, -7.611167, 5.572505], [37.0, 75.0, 2.12246, -8.149862, 5.469554], [56.0, 56.0, 1.393425, -9.062054, 3.764882], [76.0, 63.0, 0.379481, -8.771158, 4.241328], [80.0, 65.0, 0.065841, -8.249222, 5.431247]]"
correct,"[[52.0, 69.0, 0.187945, -9.76116, 1.525106], [50.0, 69.0, 0.656011, -11.67532, 2.19668], [48.0, 61.0, 1.061828, -9.004593, 3.495534], [56.0, 51.0, 1.300052, -8.127118, 4.214992], [49.0, 45.0, 0.879869, -8.53054, 5.832275], [56.0, 38.0, 1.100136, -7.418434, 6.619968], [57.0, 41.0, 1.289278, -6.861782, 8.133103], [70.0, 43.0, 1.777695, -5.133168, 8.930372], [70.0, 57.0, 1.624466, -4.63278, 8.918402], [64.0, 62.0, 0.531513, -4.73214, 9.730036], [76.0, 51.0, 1.11091, -4.552575, 10.24958], [92.0, 37.0, 1.373075, -4.906917, 9.242816], [98.0, 41.0, 0.770933, -5.884948, 7.837419], [93.0, 44.0, 1.054646, -6.667852, 7.449559], [76.0, 44.0, 1.262941, -7.691373, 6.169858], [51.0, 49.0, 1.495179, -8.15106, 4.933253], [37.0, 56.0, 1.228225, -8.747216, 3.945644], [38.0, 60.0, 0.038307, -9.509769, 2.698265], [42.0, 60.0, -0.064643, -9.67018, 1.923741], [38.0, 69.0, -0.497994, -10.03889, 0.675165]]"
wrong,"[[144.0, 52.0, 0.287304, -9.774328, 1.430536], [187.0, 41.0, 0.593762, -10.54885, 1.631648], [102.0, 55.0, 0.902614, -3.986346, 6.180632], [63.0, 53.0, 1.657985, 5.670667, 7.64708], [64.0, 37.0, 0.794875, 11.75673, 7.24246], [61.0, 29.0, 0.816423, 9.753978, 4.683059], [42.0, 31.0, 0.671574, 8.462306, 4.710592], [52.0, 28.0, 0.536301, 8.443152, 5.268441], [36.0, 36.0, 0.590171, 11.08875, 6.367379], [38.0, 34.0, 1.05704, 3.696647, 6.927623], [89.0, 21.0, 1.115698, -2.901773, 7.921217], [171.0, 16.0, 0.784101, -8.48984, 4.570531], [160.0, 30.0, 0.25618, -11.23958, 0.009577], [115.0, 41.0, 1.053449, -10.34295, 0.604536], [102.0, 45.0, 0.424971, -9.677363, 1.39582], [91.0, 77.0, 0.401029, -9.840169, 1.751359], [76.0, 81.0, 0.179565, -9.412804, 2.232593], [69.0, 79.0, 0.980426, -9.939528, 1.332373], [82.0, 76.0, 0.365116, -9.743204, 1.798046]]"
correct,"[[32.0, 92.0, 0.605733, -9.671378, 1.990779], [37.0, 87.0, 0.646435, -9.759963, 1.679533], [27.0, 93.0, 0.811634, -8.491036, 3.475184], [40.0, 86.0, 1.092953, -7.838616, 5.019444], [40.0, 88.0, 0.736217, -7.717709, 6.190208], [45.0, 73.0, 1.254562, -7.307104, 6.697779], [41.0, 81.0, 1.383849, -6.918046, 7.384915], [37.0, 77.0, 1.14802, -6.521805, 8.439561], [32.0, 75.0, 1.195904, -4.794389, 8.933964], [33.0, 84.0, 0.840365, -3.992331, 9.350554], [36.0, 79.0, 0.859518, -3.421314, 9.167398], [38.0, 84.0, 0.978031, -3.013103, 9.442732], [33.0, 84.0, 1.878251, -4.216189, 8.152257], [39.0, 81.0, 1.605312, -5.635951, 7.70095], [34.0, 82.0, 1.774103, -6.841431, 7.635109], [30.0, 85.0, 2.15119, -7.576451, 6.625953], [30.0, 87.0, 2.129642, -7.777564, 5.682638], [37.0, 88.0, 1.786075, -8.773552, 4.63278], [37.0, 86.0, 1.47004, -9.065644, 4.115633], [39.0, 86.0, 1.381454, -9.11712, 3.414132]]"
wrong,"[[65.0, 75.0, 0.468066, -9.555259, 2.12246], [87.0, 58.0, 0.132878, -10.43154, 1.526304], [96.0, 37.0, 0.609324, -9.921572, 2.681506], [41.0, 18.0, 1.70946, -4.144363, 5.944803], [18.0, 15.0, 0.657208, 4.314352, 7.904457], [36.0, 13.0, 0.017957, 9.551667, 6.946776], [32.0, 14.0, 0.967258, 10.17895, 4.988319], [46.0, 33.0, 0.59855, 8.08881, 4.279635], [40.0, 51.0, 0.745794, 8.00621, 4.955997], [31.0, 50.0, 0.497994, 8.836999, 4.989516], [24.0, 42.0, 0.433351, 8.583213, 4.768053], [13.0, 30.0, 0.307655, 8.832211, 4.795586], [8.0, 29.0, 0.555455, 8.688558, 4.839879], [28.0, 28.0, 0.447716, 8.485051, 4.875792], [30.0, 31.0, 0.691924, 9.405622, 5.655105], [19.0, 33.0, 0.604536, 9.369708, 6.054936], [18.0, 29.0, 0.785298, 4.819528, 7.641095], [27.0, 28.0, 1.289278, -1.083376, 8.128315], [41.0, 30.0, 1.673547, -5.923255, 6.616376], [39.0, 30.0, 1.198298, -9.313444, 3.804387]]"
correct,"[[33.0, 91.0, 0.586579, -9.76954, 1.725022], [36.0, 91.0, 0.798466, -9.685743, 1.538275], [30.0, 93.0, -0.457293, -8.756793, 2.879028], [27.0, 87.0, 0.099359, -9.270349, 4.742914], [33.0, 78.0, 0.96606, -7.746439, 5.262455], [34.0, 76.0, 0.979229, -7.211336, 6.67264], [30.0, 70.0, 0.975637, -6.822278, 7.636306], [36.0, 70.0, 0.939724, -5.546168, 8.878897], [31.0, 66.0, 0.841562, -4.501099, 9.13388], [36.0, 75.0, 1.246182, -4.449624, 8.871715], [31.0, 82.0, 1.303643, -2.900575, 10.12628], [31.0, 77.0, 1.053449, -3.796007, 11.05642], [36.0, 72.0, 1.399411, -4.189853, 9.969456], [37.0, 75.0, 2.55581, -5.337873, 7.85777], [33.0, 76.0, 1.526304, -5.821501, 7.311892], [41.0, 77.0, 1.673547, -7.754819, 6.257246], [32.0, 77.0, 1.617283, -8.055291, 5.604826], [40.0, 68.0, 1.600524, -8.525752, 4.545392], [49.0, 68.0, 1.702277, -8.700529, 3.784036], [46.0, 72.0, 1.136049, -9.489418, 3.202245]]"
correct,"[[42.0, 77.0, 0.29329, -9.964667, 1.601721], [24.0, 78.0, 0.766145, -9.81503, 1.889025], [20.0, 77.0, 0.867898, -8.543709, 5.683835], [22.0, 67.0, 0.456095, -8.081628, 6.847417], [43.0, 61.0, 0.379481, -5.914876, 7.65546], [55.0, 45.0, 1.005565, -6.482301, 7.960721], [50.0, 52.0, 0.525527, -4.353856, 8.633492], [54.0, 56.0, 1.774103, -3.337517, 9.455899], [56.0, 68.0, 0.612916, -3.230975, 9.287108], [49.0, 72.0, 0.37589, -2.327164, 11.54843], [77.0, 58.0, 0.40462, -3.007117, 10.1993], [69.0, 58.0, 0.277727, -3.776853, 9.161413], [60.0, 55.0, 1.101333, -4.958392, 7.897275], [68.0, 50.0, 1.103727, -6.200983, 7.723695], [69.0, 46.0, 1.67235, -6.551733, 6.50744], [68.0, 48.0, 1.851915, -7.405266, 5.718551], [55.0, 56.0, 1.519121, -8.825027, 4.376601], [60.0, 52.0, 1.142034, -9.16261, 3.440468], [60.0, 58.0, 0.786495, -9.509769, 2.785654], [61.0, 66.0, 0.610521, -9.617508, 2.492364]]"
wrong,"[[115.0, 88.0, 0.11133, -9.935937, 2.296039], [105.0, 84.0, 0.353145, -9.712079, 2.691083], [112.0, 69.0, -0.509965, -6.987478, 3.863045], [39.0, 57.0, 0.585382, 8.807071, 5.121197], [38.0, 55.0, 0.505177, 8.456321, 5.370194], [61.0, 48.0, 0.797269, 8.446744, 5.066131], [58.0, 56.0, 0.963666, 8.904037, 4.882974], [41.0, 57.0, 0.669179, 8.744822, 4.690241], [42.0, 67.0, 1.018733, 11.22521, 6.360197], [18.0, 61.0, 1.276109, 3.011906, 6.823475], [29.0, 62.0, 1.307234, -4.291606, 6.695385], [55.0, 56.0, 2.003947, -8.887277, 3.699042], [92.0, 60.0, 0.693121, -10.19212, 1.517924], [67.0, 84.0, 0.729034, -9.545682, 2.1883], [38.0, 84.0, 0.216675, -9.708488, 1.976414], [28.0, 89.0, -0.12809, -9.871294, 1.760935], [43.0, 97.0, -0.077812, -9.706094, 2.124854], [46.0, 101.0, -0.076614, -9.67856, 2.136825], [43.0, 98.0, 0.414197, -9.712079, 1.980005], [43.0, 98.0, 0.414197, -9.712079, 1.980005]]"
correct,"[[31.0, 70.0, 0.651223, -9.629479, 1.100136], [28.0, 72.0, 1.067814, -9.380483, 3.587711], [31.0, 57.0, 0.890643, -8.329428, 4.207809], [14.0, 42.0, 0.745794, -8.013393, 5.57849], [26.0, 41.0, 0.951695, -7.508216, 6.445191], [37.0, 45.0, 0.389058, -6.554127, 7.680599], [41.0, 51.0, 0.579397, -5.622783, 8.35337], [54.0, 53.0, 0.61531, -4.440047, 8.674192], [56.0, 57.0, 0.702698, -3.721787, 10.03649], [77.0, 53.0, 0.805649, -4.388572, 10.62547], [86.0, 43.0, 1.071405, -5.026627, 8.825027], [97.0, 39.0, 1.142034, -4.923676, 8.249222], [96.0, 41.0, 1.575385, -6.612785, 8.018182], [100.0, 40.0, 1.531092, -7.120356, 6.938396], [85.0, 49.0, 1.569399, -7.459136, 5.987898], [64.0, 48.0, 1.344344, -8.192958, 5.402516], [85.0, 45.0, 1.11091, -8.655039, 3.739743], [85.0, 42.0, 1.071405, -9.021352, 2.937686], [102.0, 37.0, 0.246603, -9.90601, 1.499967]]"
correct,"[[69.0, 63.0, 0.551864, -9.434352, 2.172738], [41.0, 68.0, 0.365116, -9.326612, 2.40737], [51.0, 57.0, 1.201889, -8.78672, 4.305972], [38.0, 51.0, 1.411382, -8.291121, 5.403713], [54.0, 55.0, 1.010353, -7.930793, 6.203377], [49.0, 65.0, 1.308431, -6.879739, 7.125144], [38.0, 63.0, 1.036689, -6.375759, 7.377733], [32.0, 64.0, 1.115698, -5.580884, 7.923611], [42.0, 64.0, 0.957681, -4.979939, 8.500613], [60.0, 56.0, 1.064223, -4.548983, 9.874885], [78.0, 50.0, 0.970849, -5.226542, 9.764751], [88.0, 45.0, 1.040281, -4.922479, 8.300697], [78.0, 46.0, 1.242591, -5.281609, 6.873753], [68.0, 43.0, 1.435324, -7.107188, 6.281188], [72.0, 43.0, 1.183933, -7.75841, 6.002264], [62.0, 50.0, 0.731429, -7.714118, 4.996699], [51.0, 55.0, 0.901417, -8.438364, 4.327519], [51.0, 56.0, 0.814029, -9.032125, 3.513491], [30.0, 57.0, 0.632069, -9.367314, 3.002329], [21.0, 58.0, 0.3304, -9.574412, 2.291251]]"
correct,"[[51.0, 62.0, 0.275333, -9.643845, 1.569399], [36.0, 67.0, 0.701501, -8.693346, 3.275268], [41.0, 65.0, 1.070208, -8.250419, 4.764462], [32.0, 65.0, 1.334767, -7.107188, 5.831078], [46.0, 63.0, 1.753753, -7.036559, 6.797139], [41.0, 53.0, 1.045069, -6.423643, 7.952341], [40.0, 50.0, 1.343147, -5.835866, 8.813056], [48.0, 51.0, 1.231817, -4.777629, 8.978256], [43.0, 56.0, 1.436521, -4.371812, 8.814254], [36.0, 61.0, 1.606509, -4.078523, 9.962274], [34.0, 62.0, 1.679533, -4.61243, 10.34774], [60.0, 46.0, 1.671153, -4.88896, 9.331401], [52.0, 51.0, 1.951274, -5.823895, 8.910022], [43.0, 51.0, 1.729811, -6.436811, 6.936002], [48.0, 51.0, 1.596933, -7.010222, 6.673837], [40.0, 56.0, 1.527501, -7.597999, 5.99149], [27.0, 54.0, 1.318008, -8.039729, 4.966772], [29.0, 50.0, 1.592144, -8.641871, 4.122815], [42.0, 53.0, 1.113304, -9.296685, 3.324349], [43.0, 52.0, 1.060631, -9.588778, 2.735375]]"
correct,"[[29.0, 60.0, 0.17358, -9.977836, 1.374272], [21.0, 60.0, 0.250194, -9.878476, 1.963245], [15.0, 55.0, 0.065841, -8.204929, 4.390966], [29.0, 57.0, 0.85473, -8.42759, 5.626374], [28.0, 52.0, 0.721852, -7.516596, 6.501455], [36.0, 46.0, 1.298854, -6.584055, 7.557298], [27.0, 40.0, 1.467646, -5.693412, 8.118738], [42.0, 41.0, 1.632846, -4.707001, 9.010578], [48.0, 48.0, 1.468843, -3.909731, 9.022549], [37.0, 60.0, 1.363498, -3.669114, 10.48541], [44.0, 57.0, 1.550246, -4.141969, 10.43513], [56.0, 50.0, 1.01993, -4.376601, 8.561666], [55.0, 53.0, 1.200692, -5.42167, 8.556877], [29.0, 55.0, 1.249773, -6.321889, 7.277176], [31.0, 52.0, 1.513135, -7.064092, 6.254852], [29.0, 51.0, 1.277307, -7.590817, 5.185841], [41.0, 52.0, 1.325191, -8.578424, 4.440047], [41.0, 55.0, 1.09415, -9.203311, 3.39019], [48.0, 57.0, 0.439336, -9.279925, 2.642002], [52.0, 52.0, 0.222661, -9.622296, 1.650802]]"
correct,"[[38.0, 124.0, 0.518345, -9.668983, 2.064999], [49.0, 114.0, 0.472855, -9.907207, 1.824382], [40.0, 108.0, 0.521936, -9.54209, 2.056619], [60.0, 89.0, 1.335965, -7.936779, 5.280412], [46.0, 89.0, 1.286883, -8.048109, 6.062119], [64.0, 80.0, 1.444901, -7.491457, 5.838261], [69.0, 74.0, 1.62686, -6.728904, 7.510611], [69.0, 70.0, 0.837971, -6.275203, 8.074445], [69.0, 75.0, 0.896629, -4.879383, 8.537724], [70.0, 81.0, 1.991976, -4.101267, 9.123106], [67.0, 112.0, 1.364695, -2.827552, 10.35373], [80.0, 86.0, 1.725022, -3.788824, 10.69011], [96.0, 72.0, 2.269703, -4.99191, 7.77517], [93.0, 65.0, 2.543839, -6.391322, 7.410054], [80.0, 64.0, 3.167529, -7.926005, 6.964733], [69.0, 68.0, 3.256114, -8.043321, 6.988675], [75.0, 58.0, 2.395399, -7.714118, 5.657499], [51.0, 65.0, 2.053028, -8.171411, 4.771644], [60.0, 58.0, 1.719037, -8.880095, 4.323928], [55.0, 56.0, 1.200692, -9.179369, 3.082535]]"
correct,"[[62.0, 89.0, 0.535104, -9.653421, 2.236184], [60.0, 90.0, 0.393846, -10.00178, 1.921347], [69.0, 88.0, 1.010353, -8.221688, 4.289212], [62.0, 108.0, 1.713051, -7.677008, 6.228516], [74.0, 74.0, 1.290475, -6.743269, 7.246051], [94.0, 54.0, 1.080982, -5.840655, 7.823054], [103.0, 64.0, 1.098939, -5.263652, 8.291121], [104.0, 57.0, 1.113304, -5.103241, 8.862138], [116.0, 62.0, 1.157596, -4.149151, 9.783905], [102.0, 76.0, 1.358709, -3.799598, 9.349358], [100.0, 74.0, 1.429338, -3.981557, 10.26634], [112.0, 63.0, 2.008735, -4.14556, 8.719683], [116.0, 61.0, 1.486799, -4.866215, 9.157822], [104.0, 62.0, 1.982399, -5.956774, 8.526949], [102.0, 68.0, 1.559822, -7.009026, 7.44477], [96.0, 76.0, 1.679533, -7.697359, 5.823895], [88.0, 81.0, 1.725022, -8.268375, 4.672285], [57.0, 93.0, 1.363498, -8.912416, 3.863045], [67.0, 94.0, 1.013944, -9.230845, 3.190274], [78.0, 86.0, 0.174777, -9.49301, 2.212242]]"
wrong,"[[60.0, 89.0, 0.040701, -9.746795, 1.613692], [56.0, 91.0, -0.05387, -9.773131, 1.549049], [58.0, 90.0, 0.263362, -9.933543, 2.372654], [57.0, 86.0, 0.579397, -8.310274, 4.266468], [45.0, 74.0, 1.187524, -2.149993, 6.499061], [58.0, 51.0, 0.992397, 6.475119, 8.044518], [49.0, 43.0, 0.790087, 10.79067, 6.030994], [42.0, 41.0, 1.570596, 9.205706, 4.752491], [48.0, 38.0, 1.106121, 7.739257, 5.08289], [56.0, 38.0, 1.071405, 8.645462, 5.383362], [56.0, 38.0, 1.086968, 8.895657, 5.439626], [38.0, 61.0, 1.460463, 11.23958, 6.592434], [28.0, 46.0, 1.54426, 3.197456, 7.483078], [29.0, 48.0, 1.477222, -3.738546, 7.206547], [40.0, 42.0, 1.177947, -9.139865, 4.006697], [52.0, 52.0, 0.5782, -10.10712, 1.060631], [50.0, 77.0, 0.164003, -10.22204, 0.545878], [49.0, 76.0, 0.475249, -9.713276, 1.474828], [52.0, 70.0, -0.183156, -9.531317, 2.621651], [82.0, 76.0, -0.113725, -9.646238, 2.421735]]"
wrong,"[[56.0, 89.0, 0.353145, -9.922769, 1.805228], [57.0, 85.0, 0.343568, -10.07839, 1.947683], [37.0, 53.0, 0.986411, -6.669049, 5.653907], [36.0, 31.0, 1.407791, -3.281253, 8.801086], [36.0, 31.0, 1.045069, 2.322376, 10.26993], [24.0, 29.0, 0.592565, 5.823895, 8.360553], [10.0, 27.0, 0.05387, 7.876924, 6.495469], [4.0, 17.0, 0.228646, 8.772355, 5.159505], [8.0, 14.0, 0.737414, 10.07121, 4.394557], [8.0, 17.0, 0.961272, 9.872491, 3.626019], [7.0, 18.0, 0.699107, 8.337808, 4.161122], [9.0, 18.0, 0.831985, 8.350976, 6.110003], [8.0, 19.0, 0.37589, 6.861782, 7.966706], [5.0, 19.0, 0.627281, 3.58412, 8.779537], [27.0, 18.0, 0.897826, -0.938527, 9.615114], [31.0, 19.0, 0.954089, -4.268862, 8.816648], [20.0, 26.0, 1.260547, -6.495469, 7.12275], [14.0, 33.0, 1.833959, -8.258799, 5.66109], [21.0, 33.0, 1.685518, -9.165004, 3.378219], [20.0, 37.0, 0.925359, -9.896433, 1.704672]]"
wrong,"[[42.0, 102.0, 0.5782, -9.825804, 1.29646], [43.0, 96.0, 0.395043, -10.08558, 1.520318], [21.0, 13.0, 0.602142, -9.925163, 1.210269], [9.0, 13.0, 0.571017, -10.34056, 1.447295], [42.0, 9.0, -0.148441, 9.803059, 4.662708], [33.0, 12.0, 0.318429, 8.987833, 3.558981], [29.0, 15.0, -0.106542, 8.90643, 3.739743], [31.0, 18.0, 0.092177, 10.50576, 4.88058], [12.0, 19.0, 0.496797, 8.714894, 5.281609], [14.0, 20.0, 0.226252, 7.740454, 7.255628], [8.0, 21.0, 0.869095, 4.507085, 8.713697], [7.0, 19.0, 1.163582, -0.604536, 9.136273], [27.0, 21.0, 1.501164, -5.30196, 7.496245], [41.0, 22.0, 1.703475, -8.313866, 4.881777], [52.0, 29.0, 0.778116, -9.510966, 2.633622], [56.0, 85.0, 0.199916, -9.762358, 0.582988], [62.0, 85.0, -0.361524, -9.940725, 0.311246], [69.0, 85.0, 0.064643, -9.849746, 0.950498], [66.0, 84.0, 0.262165, -9.792285, 1.182736], [61.0, 88.0, 0.233435, -9.898827, 1.26773]]"
wrong,"[[89.0, 82.0, -0.140061, -9.80665, 1.810017], [89.0, 77.0, 0.092177, -10.00657, 2.281674], [75.0, 77.0, 0.591368, -4.33949, 5.768829], [76.0, 48.0, 2.193089, 5.823895, 8.772355], [69.0, 43.0, 1.260547, 10.80024, 7.31668], [56.0, 48.0, 0.736217, 9.105149, 5.020641], [37.0, 57.0, 1.071405, 7.744045, 5.151125], [49.0, 50.0, 1.061828, 8.497022, 5.295974], [48.0, 52.0, 1.13964, 8.321048, 4.948815], [42.0, 68.0, 1.137246, 8.445546, 5.043386], [32.0, 70.0, 0.90022, 8.483853, 4.999093], [38.0, 75.0, 1.602918, 10.35492, 6.010643], [20.0, 78.0, 1.23062, 7.723695, 7.381324], [24.0, 76.0, 0.828394, 0.667982, 8.263587], [64.0, 69.0, 1.29646, -5.759252, 6.588843], [77.0, 49.0, 1.328782, -9.062054, 3.676297], [66.0, 79.0, 0.043096, -11.11748, 0.770933], [74.0, 78.0, -0.19393, -9.838972, 1.223437], [93.0, 74.0, -0.049081, -9.73243, 1.731008], [113.0, 74.0, -0.077812, -9.673772, 2.329558]]"
correct,"[[43.0, 65.0, 0.37589, -9.713276, 1.877054], [40.0, 67.0, 0.507571, -9.835381, 1.905785], [33.0, 68.0, 0.685939, -8.418014, 3.416526], [38.0, 64.0, 1.189918, -8.816648, 5.098453], [36.0, 57.0, 0.997185, -7.773973, 5.98311], [33.0, 55.0, 1.095347, -6.556521, 7.129933], [31.0, 52.0, 0.950498, -6.30513, 7.593211], [41.0, 49.0, 0.802058, -5.533, 8.410831], [50.0, 53.0, 0.869095, -5.046977, 8.608353], [51.0, 62.0, 1.018733, -4.064157, 9.303867], [45.0, 64.0, 0.727837, -3.392584, 10.43034], [50.0, 62.0, 1.318008, -3.839103, 9.903615], [51.0, 56.0, 1.575385, -4.915296, 8.657434], [56.0, 51.0, 2.229002, -5.850232, 7.167043], [57.0, 51.0, 1.637634, -6.252458, 6.88333], [67.0, 55.0, 1.373075, -7.360973, 5.756858], [64.0, 57.0, 1.450886, -8.098388, 4.808754], [60.0, 61.0, 1.273715, -8.585608, 4.340688], [48.0, 60.0, 1.243788, -8.950723, 3.95163], [43.0, 64.0, 0.968455, -9.270349, 3.513491]]"
correct,"[[75.0, 63.0, 0.275333, -9.727641, 1.649605], [97.0, 67.0, 0.328006, -10.01614, 1.473631], [46.0, 64.0, 0.678756, -9.14585, 4.203021], [51.0, 50.0, -0.004788, -8.566454, 5.18225], [44.0, 37.0, 0.661997, -7.686585, 6.18542], [45.0, 39.0, 0.234632, -6.740875, 7.566875], [48.0, 50.0, 0.395043, -5.984307, 8.15106], [48.0, 57.0, 0.167594, -5.243302, 9.548077], [41.0, 51.0, 0.104148, -3.670311, 9.909601], [52.0, 48.0, 1.440112, -3.701436, 10.91157], [79.0, 39.0, 1.17675, -4.337096, 9.217676], [70.0, 43.0, 1.025915, -5.238513, 7.821857], [50.0, 51.0, 0.910994, -5.932832, 6.815095], [36.0, 50.0, 2.005144, -7.468712, 6.979098], [36.0, 49.0, 1.678335, -8.171411, 5.080496], [36.0, 53.0, 1.150414, -8.874108, 4.011485], [51.0, 56.0, 0.952892, -8.905233, 3.301604], [55.0, 44.0, 0.72664, -9.349358, 2.664747], [54.0, 51.0, 0.521936, -9.589975, 2.024297], [53.0, 57.0, 0.123301, -9.96347, 1.244985]]"
wrong,"[[39.0, 102.0, 0.264559, -9.664195, 2.367866], [44.0, 100.0, 0.350751, -9.737218, 2.268506], [49.0, 100.0, 0.365116, -9.581595, 2.607286], [20.0, 98.0, 1.320402, -5.09127, 5.142745], [26.0, 64.0, 1.419762, 3.150769, 7.332243], [13.0, 70.0, 0.859518, 10.06163, 6.465542], [14.0, 61.0, 1.276109, 10.30824, 5.06254], [3.0, 43.0, 1.486799, 8.4647, 4.189853], [19.0, 38.0, 1.112107, 8.169016, 5.073313], [21.0, 42.0, 0.98282, 8.401254, 4.948815], [15.0, 45.0, 1.115698, 8.779537, 4.736928], [14.0, 45.0, 1.022324, 8.604761, 4.811148], [8.0, 45.0, 0.775721, 12.82215, 6.92882], [8.0, 33.0, 1.182736, 9.120711, 6.769605], [20.0, 22.0, 1.007959, -3.446453, 4.624401], [28.0, 14.0, 1.097741, -10.29028, 1.954866], [65.0, 21.0, 1.000776, -9.704897, 1.687912], [89.0, 29.0, 0.052672, -9.593566, 2.23379], [86.0, 38.0, 0.372298, -9.688137, 1.721431], [76.0, 41.0, 0.489614, -9.791088, 2.024297]]"
wrong,"[[69.0, 90.0, 0.17358, -9.639056, 2.018312], [75.0, 90.0, -0.003591, -9.725247, 2.064999], [68.0, 94.0, -0.143652, -10.05445, 2.11408], [72.0, 79.0, 0.594959, -8.665813, 3.324349], [50.0, 69.0, 1.359907, -2.480393, 7.255628], [41.0, 55.0, 1.109712, 4.776433, 9.114726], [62.0, 46.0, 1.326388, 9.312247, 6.069301], [61.0, 39.0, 0.095768, 9.672575, 5.04578], [45.0, 40.0, 0.793678, 8.735245, 4.586093], [37.0, 41.0, 0.852336, 8.765172, 4.736928], [49.0, 38.0, 0.691924, 8.653842, 4.625598], [50.0, 39.0, 0.684742, 9.124303, 4.876989], [38.0, 45.0, 0.778116, 10.34654, 6.277597], [28.0, 48.0, 1.854309, 5.819107, 7.705738], [33.0, 49.0, 1.261744, -0.508768, 8.645462], [37.0, 72.0, 1.152808, -6.299145, 6.754043], [38.0, 75.0, 0.961272, -8.705318, 3.91452], [29.0, 77.0, -0.263362, -9.90601, 1.170765], [29.0, 86.0, -0.559046, -10.09395, 0.333991], [48.0, 82.0, -0.178368, -9.742006, 1.316811]]"
wrong,"[[63.0, 74.0, 0.60693, -9.737218, 2.138022], [64.0, 66.0, 0.47884, -10.23521, 2.081758], [102.0, 29.0, 0.918176, -3.872621, 5.637148], [38.0, 29.0, 1.295263, 3.739743, 8.383297], [36.0, 24.0, 1.280898, 8.568848, 7.718906], [24.0, 15.0, 0.802058, 9.300277, 5.133168], [15.0, 17.0, 0.653617, 10.22324, 4.825513], [12.0, 17.0, 0.422577, 8.231265, 4.371812], [30.0, 20.0, 0.514753, 8.374918, 4.417302], [21.0, 21.0, 0.221464, 8.704121, 4.847061], [22.0, 22.0, 0.636858, 8.485051, 4.600459], [21.0, 27.0, 0.472855, 8.768764, 4.74052], [20.0, 36.0, 0.453701, 8.702923, 4.611232], [16.0, 38.0, 0.742203, 8.555679, 4.629189], [18.0, 38.0, 0.545878, 9.169792, 4.882974], [18.0, 41.0, 0.828394, 9.78989, 6.076484], [12.0, 41.0, 1.072602, 6.617573, 7.960721], [12.0, 33.0, 1.868674, 0.42138, 8.724471], [26.0, 29.0, 1.012747, -6.744466, 5.774815], [89.0, 33.0, 0.837971, -9.263166, 3.652355]]"
wrong,"[[43.0, 85.0, 0.246603, -9.690532, 2.519897], [51.0, 76.0, 0.415394, -10.23042, 2.431312], [74.0, 48.0, -0.140061, -6.609194, 4.326323], [20.0, 34.0, -0.13647, 3.312378, 7.222109], [24.0, 25.0, 1.297657, 11.28986, 5.791574], [31.0, 24.0, 1.05704, 11.72441, 3.445256], [30.0, 16.0, 1.024718, 8.028955, 3.690662], [36.0, 14.0, 1.244985, 9.41041, 3.981557], [32.0, 17.0, 1.270124, 10.68053, 4.999093], [29.0, 21.0, 1.039083, 9.070433, 6.173449], [42.0, 30.0, 1.568202, 3.654749, 7.835025], [50.0, 37.0, 1.577779, -1.41617, 8.615535], [43.0, 32.0, 2.32477, -6.918046, 5.886145], [56.0, 39.0, -1.11091, -10.43992, 2.85748], [18.0, 77.0, -0.316035, -9.828198, 2.007538], [25.0, 75.0, -0.377087, -9.67018, 1.950077], [24.0, 79.0, -0.507571, -9.38168, 2.515109], [22.0, 81.0, -0.190339, -9.66659, 2.594118], [33.0, 72.0, -0.039504, -9.813833, 2.043451], [46.0, 56.0, 0.301669, -9.629479, 2.048239]]"
correct,"[[31.0, 76.0, 0.93733, -8.863335, 3.204639], [33.0, 58.0, 0.857124, -8.953117, 4.629189], [30.0, 51.0, 1.009156, -8.231265, 5.997475], [27.0, 68.0, 0.770933, -6.780379, 7.457938], [24.0, 88.0, 0.509965, -6.060922, 8.438364], [27.0, 88.0, -0.117316, -5.310339, 8.318654], [27.0, 89.0, 1.653196, -4.52145, 9.415198], [21.0, 93.0, 1.916559, -3.737349, 9.637859], [28.0, 89.0, 0.978031, -4.201824, 10.63504], [31.0, 89.0, 1.254562, -4.997896, 8.692149], [27.0, 89.0, 1.804031, -6.452374, 7.954735], [28.0, 85.0, 1.534683, -7.134721, 6.8546], [27.0, 87.0, 2.043451, -7.491457, 5.977125], [24.0, 68.0, 1.70108, -7.815871, 4.924873], [34.0, 65.0, 1.612495, -7.891289, 4.113238], [37.0, 81.0, 1.05704, -8.995016, 3.4273], [41.0, 79.0, 0.824802, -9.357738, 2.531868], [38.0, 78.0, 0.331597, -9.781511, 1.830367], [32.0, 78.0, 0.146046, -9.97185, 0.869095], [33.0, 80.0, 0.547075, -10.17895, 0.768539]]"
wrong,"[[65.0, 78.0, -0.215478, -9.714474, 2.086547], [62.0, 78.0, -0.005986, -9.979033, 2.047042], [68.0, 76.0, 0.199916, -8.828619, 3.61285], [55.0, 61.0, 1.551443, -3.925294, 6.858191], [44.0, 43.0, 1.128866, 3.053804, 7.848193], [24.0, 45.0, -0.35913, 10.88045, 6.88333], [21.0, 49.0, 0.709881, 11.39281, 5.604826], [41.0, 42.0, 0.33878, 7.44477, 5.102044], [37.0, 48.0, 0.616507, 8.449138, 5.170279], [28.0, 44.0, 0.683545, 8.838196, 5.04578], [22.0, 49.0, 0.672771, 8.668207, 4.91769], [21.0, 51.0, 0.849942, 8.86932, 5.019444], [26.0, 48.0, 0.639252, 9.556456, 5.084087], [22.0, 40.0, 0.654814, 10.33457, 6.853402], [12.0, 28.0, 1.173159, 3.101688, 6.900089], [20.0, 28.0, 1.113304, -3.796007, 6.651093], [40.0, 29.0, 0.324414, -10.27472, 2.870648], [78.0, 36.0, 0.05387, -10.24, 1.435324], [97.0, 41.0, 0.401029, -9.752781, 1.523909], [100.0, 42.0, -0.254982, -9.710882, 1.70946]]"
correct,"[[88.0, 80.0, 0.219069, -9.780314, 1.563414], [67.0, 84.0, 0.434548, -8.500613, 3.003526], [76.0, 77.0, 0.811634, -7.472303, 4.718972], [75.0, 78.0, 0.572214, -7.954735, 5.218163], [78.0, 69.0, 0.778116, -7.606379, 5.979519], [64.0, 69.0, 0.944513, -7.303512, 7.499837], [66.0, 64.0, 1.082179, -5.74369, 7.666234], [74.0, 69.0, 0.503979, -5.209783, 8.064868], [85.0, 77.0, 1.301249, -4.539406, 9.488221], [86.0, 78.0, 1.029507, -3.865439, 10.25077], [96.0, 75.0, 1.121683, -4.781221, 10.51653], [106.0, 67.0, 1.922544, -5.331887, 8.384495], [81.0, 66.0, 2.110489, -5.776011, 7.759608], [65.0, 53.0, 1.697489, -6.269217, 7.175423], [69.0, 64.0, 2.434903, -7.471107, 6.332664], [73.0, 69.0, 2.127248, -7.961918, 5.753267], [65.0, 69.0, 1.968034, -8.161834, 4.910508], [65.0, 74.0, 1.521515, -8.665813, 4.49272], [74.0, 74.0, 1.236605, -9.123106, 3.244143], [80.0, 70.0, 0.858321, -9.39365, 2.507926]]"
wrong,"[[50.0, 61.0, 0.104148, -9.727641, 2.030283], [58.0, 56.0, 0.192733, -9.676167, 1.981202], [62.0, 57.0, -0.329203, -10.12867, 2.132037], [62.0, 50.0, 0.19393, -10.1981, 2.190695], [66.0, 34.0, 0.409408, -1.422156, 5.310339], [41.0, 27.0, 3.064578, 3.518279, 7.096414], [41.0, 18.0, 0.871489, 10.78109, 6.161478], [28.0, 18.0, 0.951695, 10.74877, 4.663905], [27.0, 17.0, 0.949301, 9.40203, 4.322731], [22.0, 18.0, 1.090559, 8.990228, 4.382586], [15.0, 19.0, 1.550246, 8.401254, 5.8634], [25.0, 14.0, 1.958457, 6.579266, 7.586028], [24.0, 21.0, 2.148796, 1.689109, 8.698134], [31.0, 22.0, 1.693898, -3.169923, 8.159439], [41.0, 24.0, 1.179144, -8.799889, 4.121618], [62.0, 33.0, 0.219069, -9.879673, 3.101688], [80.0, 43.0, -0.013168, -9.877279, 2.013524], [86.0, 46.0, -0.51595, -9.591172, 2.087744], [86.0, 44.0, 0.679953, -9.585187, 2.045845], [97.0, 46.0, 0.341174, -9.816227, 2.141613]]"
wrong,"[[62.0, 81.0, 0.061052, -9.753978, 2.067393], [62.0, 80.0, 0.241814, -9.564836, 2.117671], [57.0, 81.0, 0.240617, -9.774328, 2.214637], [62.0, 79.0, 0.31364, -9.809045, 2.397793], [60.0, 60.0, 1.355118, -6.113594, 4.841076], [21.0, 48.0, 0.486023, 0.5782, 9.721656], [24.0, 32.0, 1.58137, 6.895301, 8.4647], [20.0, 19.0, 1.479617, 9.405622, 6.129156], [26.0, 27.0, 1.732205, 8.698134, 4.577714], [20.0, 27.0, 0.70629, 8.962694, 5.131971], [22.0, 29.0, 1.091756, 8.118738, 4.984728], [24.0, 31.0, 1.18513, 8.619126, 5.038598], [19.0, 33.0, 1.146823, 8.595184, 5.085284], [20.0, 34.0, 1.083376, 8.531737, 4.866215], [24.0, 29.0, 1.476025, 11.62744, 6.108806], [7.0, 24.0, 1.486799, 7.363368, 7.264008], [10.0, 26.0, 1.956063, -1.273715, 7.615956], [37.0, 25.0, 1.53588, -6.409278, 5.877765], [57.0, 25.0, 0.845153, -9.48463, 2.97719], [80.0, 39.0, 0.554258, -9.848549, 1.553837]]"
correct,"[[55.0, 65.0, 0.270545, -9.935937, 1.599327], [53.0, 65.0, 0.415394, -9.460688, 1.916559], [38.0, 68.0, 0.731429, -8.676587, 3.866636], [28.0, 61.0, 0.580594, -7.852982, 4.396951], [30.0, 65.0, 1.078588, -6.737284, 6.125565], [30.0, 58.0, 2.082955, -6.936002, 7.81228], [39.0, 49.0, 1.897405, -6.285976, 7.849391], [37.0, 50.0, 1.450886, -4.914099, 8.185776], [29.0, 53.0, 1.414973, -4.51307, 8.991425], [32.0, 63.0, 1.471237, -3.259706, 9.02614], [28.0, 70.0, 1.462857, -2.719813, 9.5385], [22.0, 74.0, 1.013944, -2.457648, 10.0317], [42.0, 62.0, 1.727417, -3.240552, 9.622296], [50.0, 63.0, 1.770512, -3.889381, 9.344569], [55.0, 57.0, 2.099715, -5.342661, 7.235278], [56.0, 62.0, 2.36188, -5.869385, 7.419631], [60.0, 62.0, 1.794454, -6.936002, 6.698977], [52.0, 61.0, 2.310405, -7.56448, 6.041768], [50.0, 67.0, 1.750161, -8.091205, 5.299565], [50.0, 67.0, 1.736993, -8.438364, 4.580108]]"
wrong,"[[74.0, 90.0, 0.223858, -9.788693, 1.789666], [64.0, 88.0, 0.035913, -10.01973, 1.877054], [48.0, 88.0, 0.70629, -8.808268, 3.694253], [57.0, 80.0, 0.976834, -5.590461, 5.613206], [37.0, 49.0, 1.017536, -2.52708, 6.415264], [16.0, 34.0, 1.784877, 9.989806, 7.012617], [22.0, 79.0, 1.431733, 12.87482, 6.324284], [31.0, 38.0, 1.292869, 8.202535, 3.983952], [51.0, 38.0, 1.144428, 8.76637, 4.882974], [52.0, 38.0, 1.027112, 8.186973, 4.849455], [52.0, 38.0, 1.298854, 8.821436, 4.625598], [46.0, 36.0, 1.108515, 8.803479, 4.679467], [45.0, 48.0, 1.447295, 10.8589, 5.932832], [30.0, 45.0, 1.080982, 8.3821, 6.384139], [29.0, 36.0, 1.279701, 2.79523, 8.27077], [49.0, 31.0, 1.276109, -2.950854, 8.191761], [36.0, 43.0, 1.572991, -5.975927, 6.882133], [55.0, 64.0, 1.646014, -9.193734, 4.066552], [69.0, 70.0, 0.539893, -9.714474, 2.385822], [89.0, 67.0, -0.117316, -9.902418, 1.181539]]"
wrong,"[[49.0, 93.0, 0.112527, -9.779117, 1.780089], [50.0, 93.0, 0.058658, -10.09395, 1.601721], [48.0, 91.0, 0.671574, -8.465898, 3.309984], [43.0, 77.0, 1.46166, -2.400187, 6.519411], [48.0, 62.0, 0.882263, 6.613982, 8.763975], [24.0, 39.0, 0.641646, 8.918402, 6.707356], [49.0, 48.0, 0.731429, 9.411607, 5.503073], [54.0, 50.0, 0.812831, 8.933964, 4.893748], [60.0, 63.0, 0.967258, 8.853758, 5.050569], [51.0, 76.0, 0.970849, 9.788693, 5.884948], [41.0, 40.0, 0.556652, 4.094085, 5.870583], [64.0, 48.0, 1.450886, 10.75595, 9.627085], [40.0, 70.0, 1.768118, 9.062054, 9.519346], [52.0, 39.0, 0.565032, -2.639607, 5.25647], [64.0, 38.0, 1.161188, -9.315839, 2.661155], [81.0, 61.0, 1.11091, -9.412804, 1.632846], [65.0, 72.0, 0.003591, -9.780314, 1.896208], [66.0, 74.0, 0.055067, -9.624691, 1.74657], [62.0, 78.0, 0.055067, -9.771935, 1.793257], [62.0, 79.0, 0.147243, -9.660604, 1.968034]]"
correct,"[[62.0, 79.0, 0.399832, -9.701305, 1.519121], [67.0, 80.0, 0.227449, -9.877279, 1.335965], [56.0, 81.0, 0.638055, -8.754398, 1.215057], [54.0, 82.0, 0.893037, -9.296685, 4.088099], [61.0, 80.0, 2.401384, -8.559271, 4.754885], [61.0, 69.0, 3.487155, -7.983466, 5.742493], [68.0, 56.0, 3.148375, -7.511808, 6.172252], [65.0, 33.0, 3.157952, -7.248446, 7.059304], [75.0, 30.0, 2.416947, -6.062119, 7.562086], [57.0, 66.0, 4.175488, -5.477933, 7.388506], [50.0, 72.0, 3.122039, -3.834314, 8.735245], [40.0, 81.0, 3.083732, -3.628413, 10.11071], [55.0, 67.0, 4.028244, -4.463989, 9.029732], [77.0, 60.0, 4.229357, -5.164293, 8.27077], [76.0, 57.0, 3.548207, -5.572505, 6.766014], [79.0, 53.0, 3.289633, -6.22253, 6.495469], [64.0, 34.0, 2.896984, -7.034164, 6.027403], [77.0, 31.0, 1.983596, -7.514202, 4.473566], [84.0, 31.0, 2.163161, -8.625112, 4.534618], [82.0, 29.0, 1.661576, -9.299079, 2.768894]]"
correct,"[[49.0, 61.0, 0.264559, -9.837775, 1.425747], [51.0, 63.0, 0.122104, -10.18733, 1.355118], [43.0, 60.0, 0.096965, -8.657434, 3.916914], [50.0, 50.0, 0.2478, -7.973889, 5.437232], [60.0, 44.0, 1.411382, -7.594408, 6.114791], [57.0, 38.0, 1.771709, -6.646304, 7.386112], [68.0, 50.0, 1.747767, -5.49589, 8.316259], [65.0, 57.0, 1.14802, -4.278439, 8.810662], [64.0, 60.0, 0.944513, -2.677915, 10.22923], [52.0, 66.0, 1.284489, -3.077746, 10.71525], [70.0, 52.0, 1.808819, -4.124012, 9.14226], [82.0, 45.0, 2.278083, -5.398925, 8.037335], [84.0, 48.0, 1.164779, -6.060922, 7.563283], [65.0, 50.0, 1.656788, -6.714539, 6.104017], [48.0, 44.0, 1.532289, -7.012617, 5.125986], [49.0, 43.0, 1.606509, -8.204929, 4.38498], [42.0, 45.0, 1.256956, -8.938752, 3.63799], [41.0, 42.0, 0.873884, -9.184157, 2.863465], [37.0, 37.0, 0.786495, -9.805453, 2.018312], [37.0, 45.0, 0.181959, -9.916783, 1.061828]]"
correct,"[[33.0, 69.0, 0.383072, -9.455899, 2.298434], [18.0, 75.0, 0.398635, -9.00579, 3.760094], [19.0, 66.0, 0.505177, -8.380903, 4.493917], [16.0, 63.0, 0.591368, -6.842629, 5.793968], [38.0, 42.0, 0.901417, -6.545747, 7.115568], [41.0, 41.0, 1.13126, -5.287594, 8.403648], [41.0, 42.0, 0.796072, -4.599261, 8.884883], [49.0, 52.0, 0.593762, -3.733758, 9.285912], [42.0, 58.0, 1.175553, -3.259706, 10.51892], [46.0, 65.0, 1.438915, -3.241749, 11.36647], [55.0, 56.0, 1.493982, -3.642778, 9.138668], [64.0, 54.0, 1.567005, -5.058948, 9.093178], [42.0, 53.0, 1.854309, -5.358223, 7.594408], [22.0, 60.0, 2.148796, -6.38773, 6.609194], [22.0, 52.0, 1.587356, -7.268796, 5.814319], [13.0, 58.0, 1.66397, -8.348581, 5.311536], [29.0, 60.0, 1.586159, -8.468291, 4.417302], [30.0, 57.0, 1.157596, -9.088389, 3.894169], [50.0, 55.0, 1.083376, -8.870518, 3.439271], [54.0, 51.0, 0.708684, -9.396045, 3.153164]]"
wrong,"[[50.0, 98.0, 0.258574, -9.775525, 1.337162], [48.0, 100.0, 0.12809, -10.58237, 0.839168], [58.0, 49.0, 0.68953, -7.821857, 4.173094], [46.0, 30.0, 0.709881, -0.542287, 4.738125], [18.0, 29.0, 1.22224, 8.51857, 6.688202], [10.0, 18.0, 0.822408, 11.71962, 5.30196], [4.0, 17.0, 1.189918, 7.839813, 3.560178], [20.0, 19.0, 0.981623, 9.722853, 4.361038], [24.0, 19.0, 0.80924, 8.678981, 4.49272], [21.0, 19.0, 1.318008, 8.78672, 4.359841], [20.0, 19.0, 0.84635, 8.889671, 4.490325], [27.0, 22.0, 1.438915, 10.1574, 5.747281], [8.0, 19.0, 1.217452, 6.108806, 7.62673], [8.0, 19.0, 0.879869, -3.141193, 7.017405], [41.0, 20.0, 1.450886, -7.483078, 4.541801], [43.0, 20.0, 0.04549, -11.29584, 0.875081], [74.0, 24.0, 0.513556, -9.574412, 1.377863], [73.0, 30.0, 0.365116, -9.762358, 1.369483], [68.0, 65.0, 0.378284, -9.749189, 1.484405], [61.0, 85.0, 0.265756, -9.67856, 2.11408]]"
wrong,"[[51.0, 99.0, 0.331597, -9.847352, 1.54426], [52.0, 97.0, 0.263362, -10.00776, 1.562217], [44.0, 87.0, 0.920571, -9.340978, 3.0143], [37.0, 48.0, 1.241394, -5.90051, 6.01184], [49.0, 34.0, 0.420182, 1.197101, 11.03966], [32.0, 26.0, 1.104924, 5.549759, 8.822633], [17.0, 32.0, 0.582988, 7.856573, 6.393716], [30.0, 16.0, 0.713472, 9.731233, 5.965154], [20.0, 15.0, 1.353921, 9.956287, 4.094085], [28.0, 18.0, 0.849942, 8.832211, 3.965995], [29.0, 19.0, 0.70629, 9.485827, 4.337096], [29.0, 20.0, 0.764947, 9.244013, 4.194642], [19.0, 22.0, 0.939724, 10.25915, 5.055357], [9.0, 24.0, 1.25097, 8.979453, 5.961562], [21.0, 27.0, 0.544681, 8.135497, 7.394492], [17.0, 24.0, 1.205481, 1.997961, 8.368932], [24.0, 22.0, 1.161188, -3.064578, 8.625112], [21.0, 29.0, 1.862689, -7.200562, 5.807136], [34.0, 27.0, 1.188721, -9.434352, 2.498349], [55.0, 29.0, -0.001197, -10.76672, 0.144849]]"
correct,"[[40.0, 69.0, 0.213084, -9.646238, 1.698686], [40.0, 70.0, -0.058658, -9.096769, 3.084929], [33.0, 66.0, 0.955287, -8.415619, 4.143166], [24.0, 56.0, 0.968455, -8.316259, 5.418078], [31.0, 62.0, 0.620098, -7.328651, 6.236896], [38.0, 60.0, 0.609324, -7.218518, 6.127959], [39.0, 57.0, 0.839168, -5.713762, 7.419631], [37.0, 57.0, 0.659603, -5.035006, 8.615535], [43.0, 51.0, 0.432153, -4.249708, 9.394848], [49.0, 58.0, 1.039083, -3.562572, 10.47224], [56.0, 55.0, 1.277307, -4.315548, 10.09156], [69.0, 48.0, 1.14802, -4.417302, 8.2995], [63.0, 49.0, 1.19351, -5.133168, 7.72968], [61.0, 50.0, 1.221043, -6.817489, 6.936002], [68.0, 55.0, 1.464054, -7.869741, 6.143522], [66.0, 65.0, 1.052252, -8.605958, 4.916493], [89.0, 52.0, 1.023521, -8.737639, 3.983952], [113.0, 50.0, 0.648829, -8.993818, 3.137601], [130.0, 49.0, 0.266954, -9.623494, 2.573767], [144.0, 46.0, 0.205901, -9.762358, 1.991976]]"
correct,"[[38.0, 56.0, 0.146046, -9.671378, 1.715446], [37.0, 54.0, 0.68953, -9.394848, 1.292869], [27.0, 60.0, 1.030704, -9.208099, 3.937265], [30.0, 52.0, 1.01993, -8.244433, 4.729745], [34.0, 52.0, 0.700304, -7.238869, 6.338649], [37.0, 46.0, 0.471658, -6.926425, 7.095217], [54.0, 49.0, 1.010353, -6.216545, 7.718906], [66.0, 45.0, 1.142034, -5.415684, 8.335413], [62.0, 50.0, 1.383849, -5.108029, 8.804677], [60.0, 61.0, 0.934936, -4.639963, 9.578004], [64.0, 58.0, 0.690727, -5.035006, 10.22444], [69.0, 41.0, 0.808043, -4.685453, 7.949947], [77.0, 42.0, 1.212663, -6.496666, 8.137892], [61.0, 50.0, 1.188721, -6.4416, 7.603985], [48.0, 50.0, 1.411382, -7.13113, 6.496666], [25.0, 61.0, 1.356315, -7.776367, 5.194221], [21.0, 58.0, 1.623269, -8.5473, 4.195838], [20.0, 56.0, 1.228225, -8.965088, 3.86065], [31.0, 55.0, 1.307234, -9.108741, 3.702633], [48.0, 60.0, 0.758962, -9.214086, 3.144784]]"
correct,"[[104.0, 53.0, -0.075417, -9.070433, 1.278504], [43.0, 70.0, 0.135272, -10.05325, 2.671929], [50.0, 58.0, 0.53271, -8.567651, 3.664326], [41.0, 60.0, 0.594959, -8.429984, 4.006697], [48.0, 57.0, 0.530316, -8.281544, 5.070919], [31.0, 55.0, 0.797269, -7.384915, 6.038177], [49.0, 42.0, 0.81762, -6.715736, 7.032968], [60.0, 46.0, 0.217872, -5.944803, 7.192182], [45.0, 57.0, 0.471658, -5.73531, 8.750807], [38.0, 58.0, 0.403423, -4.696227, 9.387665], [62.0, 52.0, 0.94571, -5.778406, 9.382876], [79.0, 43.0, 0.632069, -6.136339, 8.180987], [68.0, 55.0, 0.769736, -6.798336, 7.824251], [48.0, 56.0, 0.627281, -7.174225, 6.586449], [43.0, 61.0, 0.68953, -7.443573, 5.847837], [20.0, 67.0, 0.536301, -8.10557, 5.589264], [19.0, 70.0, 0.440533, -8.588001, 4.315548], [27.0, 68.0, 0.684742, -8.863335, 4.19105], [19.0, 81.0, 0.158017, -9.31943, 3.41054], [20.0, 86.0, 0.019154, -9.380483, 2.782062]]"
wrong,"[[45.0, 96.0, 0.067038, -9.708488, 2.051831], [51.0, 89.0, 0.049081, -10.13226, 2.08535], [60.0, 73.0, 0.827197, -7.8865, 4.528633], [42.0, 67.0, 1.383849, -2.469619, 7.843405], [43.0, 37.0, 1.83755, 4.903325, 7.267599], [24.0, 36.0, 1.780089, 12.41872, 5.272032], [18.0, 28.0, 1.734599, 8.22528, 3.645172], [33.0, 20.0, 1.693898, 8.261193, 4.893748], [31.0, 19.0, 2.07697, 8.761581, 4.927267], [43.0, 24.0, 1.46166, 9.544485, 5.620389], [41.0, 22.0, 1.181539, 7.486669, 3.845088], [14.0, 20.0, 1.655591, 7.91164, 4.406528], [37.0, 27.0, 1.321599, 8.99741, 6.688202], [12.0, 34.0, 1.821988, 9.844957, 7.252037], [24.0, 38.0, 1.016339, 0.039504, 6.029797], [68.0, 27.0, 0.869095, -7.764396, 4.11683], [93.0, 37.0, -0.933739, -10.54287, 0.717063], [91.0, 61.0, -0.390255, -9.624691, 1.787272], [82.0, 64.0, 0.275333, -9.630676, 1.78368], [86.0, 61.0, -0.040701, -9.824607, 1.771709]]"
wrong,"[[56.0, 70.0, 0.252588, -9.750386, 1.647211], [70.0, 45.0, 0.035913, -9.927557, 1.425747], [74.0, 39.0, 0.238223, -10.36091, 1.83755], [27.0, 22.0, 0.337582, -3.708618, 6.805518], [34.0, 14.0, 2.106898, 5.995081, 8.519767], [3.0, 21.0, 0.842759, 9.340978, 6.695385], [15.0, 21.0, 0.835576, 10.16219, 4.978743], [10.0, 16.0, 0.717063, 8.597578, 4.02585], [27.0, 19.0, 0.3304, 8.66701, 4.605247], [28.0, 28.0, 0.7434, 8.817844, 4.642357], [27.0, 28.0, 0.741005, 8.66701, 4.469975], [32.0, 29.0, 0.56982, 8.74123, 4.650737], [36.0, 31.0, 0.608127, 9.68694, 5.295974], [19.0, 31.0, 0.669179, 8.455123, 5.353435], [14.0, 29.0, 0.949301, 7.735666, 7.44477], [20.0, 25.0, 1.027112, 3.630807, 8.595184], [24.0, 24.0, 2.16795, -0.234632, 9.680955], [30.0, 25.0, 1.843535, -4.175488, 8.2169], [28.0, 24.0, 2.445677, -6.721721, 6.076484], [33.0, 25.0, 1.889025, -8.92319, 3.828329]]"
correct,"[[43.0, 87.0, -0.270545, -9.527725, 2.063802], [31.0, 88.0, 1.307234, -7.996634, 3.087323], [45.0, 76.0, 1.831564, -8.59279, 4.701015], [67.0, 52.0, 1.215057, -8.091205, 4.995502], [56.0, 49.0, 1.035492, -6.945579, 6.678626], [64.0, 25.0, 2.528277, -6.398504, 7.466318], [72.0, 22.0, 2.972401, -5.453991, 8.91481], [68.0, 31.0, 2.771288, -5.064934, 8.876503], [64.0, 68.0, 1.504756, -3.566164, 9.387665], [55.0, 70.0, 0.990002, -3.209427, 9.994595], [56.0, 72.0, 1.14802, -3.314772, 10.35492], [72.0, 66.0, 2.911349, -3.701436, 10.25077], [72.0, 60.0, 2.999935, -4.653131, 8.447941], [76.0, 60.0, 3.667917, -5.737704, 7.734468], [96.0, 37.0, 2.82037, -7.192182, 6.469133], [99.0, 39.0, 2.841918, -7.544129, 6.127959], [86.0, 37.0, 2.472013, -7.717709, 5.215768], [102.0, 32.0, 1.776498, -8.695741, 4.074931], [116.0, 31.0, 1.157596, -9.242816, 2.725799], [108.0, 39.0, 0.679953, -9.606734, 1.818396]]"
correct,"[[45.0, 64.0, 0.169988, -9.82341, 1.456872], [39.0, 67.0, 0.032322, -9.77792, 1.620875], [33.0, 65.0, 0.555455, -9.14226, 3.41054], [34.0, 56.0, 0.371101, -8.705318, 4.387374], [46.0, 60.0, 0.869095, -7.334637, 5.517438], [42.0, 56.0, 0.870292, -7.575254, 6.471527], [49.0, 53.0, 0.905008, -7.007828, 6.918046], [31.0, 52.0, 1.138443, -5.655105, 7.89488], [33.0, 52.0, 1.310825, -5.363012, 8.274361], [37.0, 52.0, 0.885855, -4.661511, 8.708909], [39.0, 56.0, 0.810437, -3.900155, 9.234436], [32.0, 62.0, 0.879869, -3.769671, 10.72602], [51.0, 49.0, 0.685939, -4.631583, 9.489418], [64.0, 45.0, 0.755371, -4.847061, 7.734468], [68.0, 53.0, 0.815226, -6.14831, 7.569269], [51.0, 60.0, 1.06542, -6.946776, 7.536947], [43.0, 67.0, 1.074997, -7.23408, 5.919664], [65.0, 63.0, 1.278504, -8.2995, 4.74052], [46.0, 72.0, 1.120486, -8.829816, 4.255693], [45.0, 72.0, 0.855927, -9.297882, 3.787627]]"
wrong,"[[66.0, 93.0, 0.280122, -9.762358, 1.648408], [63.0, 91.0, 0.183156, -10.30105, 1.692701], [60.0, 85.0, 0.523133, -7.686585, 4.398149], [41.0, 48.0, -0.020351, -0.986411, 6.749255], [40.0, 28.0, 0.717063, 8.046912, 7.595605], [40.0, 15.0, 1.018733, 10.59674, 5.925649], [57.0, 21.0, 1.727417, 7.68419, 4.729745], [61.0, 25.0, 0.96606, 7.990648, 5.245696], [56.0, 36.0, 1.37068, 8.282741, 5.179855], [43.0, 42.0, 1.024718, 8.706514, 5.00867], [37.0, 41.0, 1.122881, 8.597578, 4.882974], [30.0, 64.0, 0.749385, 11.58434, 6.752846], [15.0, 39.0, 1.599327, 7.352593, 6.968324], [32.0, 30.0, 2.859874, -2.578555, 7.666234], [58.0, 32.0, 1.072602, -7.086837, 5.522226], [75.0, 49.0, 1.040281, -9.725247, 2.347515], [40.0, 75.0, 0.998382, -9.751583, 2.15957], [31.0, 75.0, 1.05704, -9.53012, 2.305616], [34.0, 77.0, 0.565032, -9.721656, 2.430115], [34.0, 77.0, 0.565032, -9.721656, 2.430115]]"
wrong,"[[106.0, 79.0, 0.444124, -9.709685, 2.226608], [102.0, 79.0, 0.379481, -9.543288, 2.110489], [100.0, 85.0, 0.286107, -10.0748, 2.37026], [116.0, 51.0, 0.007183, -9.315839, 3.406949], [74.0, 44.0, 1.090559, -2.979584, 5.286397], [27.0, 46.0, 2.389413, 11.80222, 7.349002], [27.0, 39.0, 1.238999, 10.26275, 4.936844], [22.0, 25.0, 2.108095, 8.580819, 4.220978], [48.0, 25.0, 1.665167, 8.252813, 4.924873], [45.0, 26.0, 1.285686, 8.561666, 4.675876], [43.0, 30.0, 1.431733, 8.841787, 5.005079], [41.0, 33.0, 1.47842, 8.204929, 4.675876], [37.0, 44.0, 1.073799, 11.0265, 6.142324], [19.0, 48.0, 1.084573, 7.621941, 7.277176], [45.0, 45.0, 0.963666, -2.169147, 6.703765], [98.0, 25.0, 1.258153, -8.468291, 3.405752], [113.0, 33.0, 0.198719, -10.10832, 1.181539], [117.0, 36.0, -0.150835, -9.840169, 1.851915], [115.0, 41.0, 0.316035, -9.648633, 1.872266], [115.0, 66.0, 0.21069, -9.668983, 2.424129]]"
